Subreddit,City,Nickname,color_scheme
49ers,San Francisco,49ers,YlOrRed
chibears,Chicago,Bears,PuBu
bengals,Cincinnati,Bengals,Oranges
buffalobills,Buffalo,Bills,seismic
denverbroncos,Denver,Broncos,BuOr
browns,Cleveland,Browns,YlOrBr
buccaneers,Tampa Bay,Buccaneers,YlOrRed
azcardinals,Arizona,Cardinals,Reds
chargers,Los Angeles,Chargers,YlBu
kansascitychiefs,Kansas City,Chiefs,OrRd
colts,Indianapolis,Colts,Blues
cowboys,Dallas,Cowboys,Blues
miamidolphins,Miami,Dolphins,winter
eagles,Philadelphia,Eagles,BuGn
falcons,Atlanta,Falcons,Reds
nygiants,New York,Giants,Blues
jaguars,Jacksonville,Jaguars,YlGnBu
nyjets,New York,Jets,Greens
detroitlions,Detroit,Lions,Blues
greenbaypackers,Green Bay,Packers,YlGn
panthers,Carolina,Panthers,Blues
patriots,New England,Patriots,seismic
oaklandraiders,Oakland,Raiders,Greys
losangelesrams,Los Angeles,Rams,YlBu
ravens,Baltimore,Ravens,Purples
redskins,Washington,Redskins,Reds
saints,New Orleans,Saints,copper
seahawks,Seattle,Seahawks,YlGnBu
steelers,Pittsburgh,Steelers,autumn
texans,Houston,Texans,bwr
tennesseetitans,Tennesee,Titans,Blues
minnesotavikings,Minnesota,Vikings,Purples
